Date,USD_USD,index,AUD_USD,CND_USD,CNY_USD,DKK_USD,JPY_USD,KRW_USD,MXN_USD,NZD_USD,NOK_USD,SGD_USD,ZAR_USD,SEK_USD,CHF_USD,THB_USD,GBP_USD,BRL_USD
2020-01-02,0.722528,2020-01-02,1.4279594459517349,1.2992,6.9670000000000005,6.6755,109.12,1157.8,18.8817,1.4932059130954158,8.7919,1.3468,14.02745,9.3341,0.97365,30.11,0.7576618555138842,4.0207
2020-01-03,0.72397,2020-01-03,1.4355440712029859,1.2988,6.9741,6.7041,109.12,1156.9,18.8673,1.4932059130954158,8.8199,1.3491,14.30955,9.4068,0.97365,30.161,0.765872711955273,4.0516
2020-01-06,0.722039,2020-01-06,1.4398848092152627,1.297,6.9755,6.6761,108.05,1162.7,18.827,1.5003750937734437,8.7983,1.3505,14.2453,9.4068,0.9691,30.145,0.7601672367920943,4.0548
2020-01-07,0.722375,2020-01-07,1.4434180138568131,1.3009,6.9453,6.6891,108.44,1169.6,18.8852,1.5006002400960383,8.821,1.3483,14.263,9.4102,0.97045,30.14,0.7606008746910058,4.0835
2020-01-08,0.723839,2020-01-08,1.4553922282055012,1.3026,6.9394,6.7234,107.82,1165.3,18.798,1.508750754375377,8.8626,1.3483,14.23595,9.4397,0.97215,30.285,0.7628928898382668,4.0666
2020-01-09,0.724969,2020-01-09,1.4549687181725592,1.3079,6.9285,6.7265,109.22,1174.1,18.8453,1.503985561738607,8.8807,1.3504,14.1858,9.4539,0.97395,30.305,0.7682556754888027,4.0738
2020-01-10,0.724963,2020-01-10,1.4549687181725592,1.3051,6.9323,6.738,109.54,1160.0,18.7732,1.513775355737209,8.9032,1.3507,14.24375,9.5007,0.97545,30.25800000000001,0.7649061077752706,4.0739
2020-01-13,0.7246239999999999,2020-01-13,1.4463407578825571,1.3048,6.8996,6.7169,109.54,1161.1,18.8215,1.5064778547755349,8.894,1.3466,14.37355,9.507,0.9719,30.186,0.7711884013264441,4.1303
2020-01-14,0.7243109999999999,2020-01-14,1.4488554042306576,1.3062,6.8831,6.7234,110.08,1155.7,18.812,1.5092061575611229,8.8997,1.3466,14.4462,9.4735,0.9675,30.263,0.7693491306354824,4.1437
2020-01-15,0.723873,2020-01-15,1.4494854326714015,1.305,6.8865,6.7068,109.93,1153.1,18.8077,1.5135462388375966,8.8691,1.348,14.4462,9.4749,0.9655,30.264,0.7685213648939441,4.1616
2020-01-16,0.723404,2020-01-16,1.4478065730418417,1.3045,6.8877,6.6908,109.93,1158.8,18.793,1.507386192342478,8.869,1.3467,14.36435,9.4551,0.96275,30.307,0.7656381594058648,4.172
2020-01-17,0.7243149999999999,2020-01-17,1.45032632342277,1.3062,6.8581,6.7275,110.2,1159.6,18.7388,1.5069318866787222,8.9026,1.3467,14.39945,9.4897,0.96655,30.458,0.7669888019634913,4.1831
2020-01-21,0.7247939999999999,2020-01-21,1.4566642388929352,1.3067,6.9058,6.7229,110.0,1158.8,18.7007,1.514004542013626,8.9393,1.3491,14.48995,9.5338,0.9675,30.365,0.7656967840735068,4.2008
2020-01-22,0.725124,2020-01-22,1.4622020763269483,1.3116,6.9019,6.7396,109.88,1164.7,18.6883,1.5176809834572769,8.9818,1.3498,14.40995,9.5303,0.9716,30.391,0.7633879155692965,4.1883
2020-01-23,0.724847,2020-01-23,1.45623998835008,1.3143,6.9307,6.7381,109.68,1165.1,18.8018,1.5165301789505612,8.9873,1.3489,14.3654,9.5076,0.9685,30.455,0.7619628162145687,4.1656
2020-01-24,0.72619,2020-01-24,1.4604936468526362,1.314,6.9307,6.7721,109.55,1165.1,18.8313,1.5112588786459122,9.0054,1.3501,14.3669,9.533,0.9685,30.514,0.7640294915383733,4.1763
2020-01-27,0.726617,2020-01-27,1.4604936468526362,1.3182,6.9307,6.778,108.93,1165.1,18.9407,1.5186028853454825,9.1032,1.3501,14.5281,9.5789,0.96925,30.67,0.7643506840938622,4.218999999999999
2020-01-28,0.727182,2020-01-28,1.4788524105294292,1.3179,6.9307,6.7904,108.98,1167.2,18.8022,1.5288182235132242,9.1557,1.358,14.6672,9.636,0.9708,30.789,0.7684032580298141,4.2058
2020-01-29,0.727258,2020-01-29,1.4762326542663124,1.3196,6.9307,6.7928,109.08,1176.7,18.7067,1.529051987767584,9.1413,1.3577,14.58935,9.6152,0.97505,30.891,0.768344218209758,4.2007
2020-01-30,0.726792,2020-01-30,1.4838996883810651,1.3217,6.9307,6.7757,108.95,1176.0,18.7853,1.5332720024532351,9.2246,1.3633,14.68175,9.6477,0.97045,31.198,0.7649061077752706,4.2517
2020-01-31,0.726242,2020-01-31,1.4872099940511598,1.3233,6.9307,6.7618,109.03,1183.5,18.9082,1.5405946695424433,9.2194,1.3619,14.906,9.6605,0.96865,31.134,0.7618176970251018,4.2689
2020-02-03,0.726156,2020-02-03,1.4934289127837514,1.3275,7.0213,6.752999999999999,108.52,1187.8,18.9082,1.5470297029702968,9.2707,1.3681,14.8794,9.6347,0.96475,31.191,0.7659607062157712,4.2469
2020-02-04,0.726561,2020-02-04,1.4883167137966955,1.3278,6.9935,6.7639999999999985,108.61,1196.0,18.6797,1.5494267121165168,9.2277,1.3708,14.7965,9.631,0.96855,30.982,0.7684327813424521,4.2375
2020-02-05,0.72705,2020-02-05,1.484119916889285,1.3289,7.0011,6.7793,109.43,1189.4,18.6245,1.5413070283600492,9.1784,1.3806,14.7011,9.5698,0.9716,31.099,0.7656381594058648,4.2443
2020-02-06,0.728035,2020-02-06,1.4792899408284026,1.329,6.9701,6.7913,109.89,1188.5,18.6645,1.5413070283600492,9.2055,1.3853,14.81685,9.5882,0.9746,31.07800000000001,0.7714263673532361,4.2471
2020-02-07,0.729453,2020-02-07,1.4885382554331648,1.3305,6.9849,6.8123,109.89,1181.4,18.7763,1.549907005579665,9.2691,1.3856,14.97425,9.6439,0.97675,31.191,0.7733652990990294,4.3069999999999995
2020-02-10,0.729364,2020-02-10,1.4927601134497686,1.3319,6.9825,6.8235,109.64,1187.2,18.7653,1.5607928827844544,9.2401,1.3896,15.02005,9.652,0.9778,31.191,0.773874013310633,4.3189
2020-02-11,0.730042,2020-02-11,1.4905351021016544,1.3292,6.9749,6.8545,109.64,1189.8,18.674,1.5671524839366868,9.2609,1.3877,14.86745,9.6642,0.97785,31.193,0.7736345350456445,4.3142
2020-02-12,0.7297819999999999,2020-02-12,1.4863258026159336,1.3254,6.973,6.8461,109.85,1184.1,18.6308,1.553036185743128,9.2033,1.3859,14.76715,9.6199,0.97485,31.162,0.7702676680146351,4.336
2020-02-13,0.730951,2020-02-13,1.4883167137966955,1.3256,6.9815,6.876,109.88,1179.8,18.6458,1.552072016141549,9.2404,1.3878,14.87675,9.643,0.97865,31.146,0.7702083413563371,4.3383
2020-02-14,0.731254,2020-02-14,1.4883167137966955,1.3249,6.9833,6.8911,109.85,1181.5,18.5712,1.5527950310559009,9.2472,1.3897,14.86455,9.6827,0.98155,31.158,0.7674008134448623,4.3157
2020-02-18,0.73158,2020-02-18,1.4943215780035863,1.3258,7.002000000000002,6.9066,109.75,1182.2,18.5952,1.557389814670612,9.3272,1.3905,15.05305,9.7426,0.9809,31.233,0.7668417622023695,4.3465
2020-02-19,0.7328319999999999,2020-02-19,1.4934289127837514,1.3231,6.9929,6.916,110.05,1188.1,18.591,1.5629884338855893,9.2757,1.3909,14.94475,9.7941,0.98415,31.187,0.77000077000077,4.3722
2020-02-20,0.734418,2020-02-20,1.5037593984962403,1.3254,7.0102,6.9213,111.2,1190.8,18.7992,1.5649452269170578,9.31,1.4007,15.0949,9.8108,0.98275,31.33,0.7768800497203232,4.3867
2020-02-21,0.733996,2020-02-21,1.514004542013626,1.3224,7.039,6.9162,112.05,1197.0,18.9138,1.578282828282828,9.3392,1.3999,15.0911,9.8083,0.9818,31.614,0.7724393635099644,4.3918
2020-02-26,0.731463,2020-02-26,1.516070345664039,1.3307,7.0223,6.8699,110.31,1212.7,19.1585,1.5845349389954049,9.3897,1.3981,15.1564,9.7187,0.975,31.87,0.7732755954222086,4.4353
2020-02-27,0.730106,2020-02-27,1.5255530129672006,1.3361,7.0128,6.8155,110.31,1216.8,19.3973,1.5888147442008262,9.3869,1.3968,15.37685,9.6752,0.97075,31.796,0.7770913470878501,4.4758
2020-02-28,0.728183,2020-02-28,1.5328019619865114,1.3429,7.0006,6.8072,109.4,1215.9,19.776,1.5860428231562254,9.4642,1.3977,15.54675,9.6749,0.96615,31.636,0.7762769756249029,4.4981
2020-03-02,0.7251890000000001,2020-03-02,1.5332720024532351,1.3356,6.9623,6.7191,107.67,1215.3,19.6985,1.6079755587715066,9.3547,1.3905,15.6649,9.517,0.9568,31.361,0.7822277847309137,4.494
2020-03-03,0.725521,2020-03-03,1.5262515262515262,1.3363,6.9796,6.7221,108.32,1200.3,19.2837,1.5969338869370808,9.2946,1.3908,15.55075,9.5073,0.95785,31.548,0.7821360134527394,4.4877
2020-03-04,0.7239220000000001,2020-03-04,1.5163002274450341,1.3392,6.9331,6.7170000000000005,107.35,1191.4,19.5335,1.5898251192368842,9.263,1.3869,15.2777,9.5073,0.95785,31.375,0.7814636814754035,4.5252
2020-03-05,0.722584,2020-03-05,1.5105740181268883,1.3415,6.9393,6.6785,107.31,1186.4,19.8095,1.5900779138177767,9.2706,1.3865,15.4305,9.4787,0.9527,31.464,0.773874013310633,4.6201
2020-03-06,0.718152,2020-03-06,1.5146925174189638,1.3421,6.9492,6.5894,106.24,1185.0,20.1623,1.583029919265474,9.261,1.3858,15.4305,9.4134,0.935,31.61,0.7685804319422028,4.6453
2020-03-09,0.71441,2020-03-09,1.5146925174189638,1.3598,6.938,6.5202,102.1,1191.4,21.1117,1.5792798483891346,9.5059,1.381,15.72325,9.3945,0.92575,31.513,0.7633005114113426,4.7373
2020-03-10,0.71751,2020-03-10,1.5229972586049343,1.3731,6.9442,6.5596,103.25,1201.4,21.0267,1.5827793605571383,9.52,1.3854,15.9067,9.4346,0.93225,31.427,0.7671064743786437,4.6687
2020-03-11,0.718594,2020-03-11,1.5372790161414298,1.3745,6.9544,6.5919,105.0,1196.7,21.213,1.5971889474524836,9.5764,1.3901,16.05785,9.4804,0.93555,31.491,0.7739938080495358,4.6732
2020-03-12,0.7213729999999999,2020-03-12,1.5487068297971194,1.382,6.98,6.6483,104.0,1192.8,22.1518,1.597444089456869,10.1141,1.3989,16.45515,9.5634,0.9394,31.567,0.7854225573358466,4.8825
2020-03-13,0.725607,2020-03-13,1.5855398763278896,1.3901,6.9860000000000015,6.7302,105.08,1202.0,21.9288,1.6313213703099512,9.9933,1.4125,16.1066,9.7516,0.9486,31.958,0.7989134776703682,4.7355
2020-03-16,0.7253539999999999,2020-03-16,1.6191709844559583,1.3964,7.0052,6.6981,106.9,1222.2,21.9288,1.6556291390728477,10.2864,1.4182,16.1066,9.6364,0.9434,31.993,0.8112273870365864,4.9464
2020-03-17,0.730753,2020-03-17,1.6337199803953604,1.4175,7.0036,6.805,106.58,1219.6,23.0573,1.6482610845557937,10.4774,1.4213,16.69235,9.809,0.9581,32.168,0.8255252404342264,5.0489
2020-03-18,0.7327359999999999,2020-03-18,1.6616816218012629,1.4496,7.0213,6.8348,107.35,1241.2,23.9008,1.6815200941651252,10.7015,1.4275,17.0455,9.9542,0.96085,32.361999999999995,0.8387150884844419,5.1101
2020-03-19,0.741958,2020-03-19,1.795009872554299,1.4495,7.0834,6.9189,108.85,1237.8,24.0868,1.773049645390071,11.4031,1.4523,17.3878,10.3285,0.9799,32.65,0.8664760419374405,5.1437
2020-03-20,0.741345,2020-03-20,1.7085255424568595,1.4332,7.0551,6.9759,108.85,1280.1,24.1113,1.7473353136466887,11.3211,1.4501,17.26275,10.2441,0.9835,32.523,0.8506656458678915,5.0241
2020-03-23,0.743009,2020-03-23,1.7355085039916691,1.4482,7.1110000000000015,6.9281,110.18,1254.1,25.0782,1.7831669044222542,11.3668,1.4592,17.6003,10.4371,0.9879,32.975,0.8672274737663689,5.0798
2020-03-24,0.738214,2020-03-24,1.6914749661705009,1.4491,7.0797,6.8864,110.45,1274.6,25.1185,1.7316017316017316,11.0435,1.4544,17.6003,10.1782,0.9746,32.889,0.8517887563884156,5.0707
2020-03-25,0.739296,2020-03-25,1.6647244880972198,1.4302,7.096,6.8978,111.13,1256.0,24.2948,1.720282126268708,10.8751,1.4472,17.4007,10.055,0.9803,32.858000000000004,0.8414675193537529,5.07
2020-03-26,0.734801,2020-03-26,1.686056314280897,1.4077,7.0991,6.7989,110.74,1230.7,23.097,1.7238407171177386,10.4975,1.4482,17.49745,10.0737,0.9704,32.803000000000004,0.8353521009105338,5.0004
2020-03-27,0.732233,2020-03-27,1.6388069485414618,1.4056,7.0927,6.7966,108.4,1227.9,23.5122,1.6792611251049538,10.6184,1.4271,17.51895,9.9572,0.9623,32.474000000000004,0.8184980560671169,5.1103
2020-03-30,0.7296239999999999,2020-03-30,1.6260162601626016,1.4156,7.0917,6.767,107.55,1212.4,24.2853,1.6594756057085958,10.5934,1.4261,17.84345,9.9514,0.956,32.663000000000004,0.8055745760663794,5.1588
2020-03-31,0.732709,2020-03-31,1.6194331983805668,1.4187,7.0927,6.8158,108.7,1222.6,23.4847,1.6675004168751042,10.5057,1.4247,17.89095,10.0771,0.9654,32.699,0.8090287609724525,5.1981
2020-04-01,0.732113,2020-04-01,1.6329196603527103,1.4217,7.1041,6.8253,107.58,1220.0,24.4918,1.6778523489932886,10.304,1.4244,17.989,9.9638,0.9654,32.918,0.8077544426494346,5.2399
2020-04-02,0.7322609999999999,2020-04-02,1.6444663706627198,1.4179,7.096,6.8459,107.48,1222.2,24.1087,1.686056314280897,10.3012,1.4356,18.45305,9.9998,0.96675,33.068000000000005,0.8035032742758427,5.2645
2020-04-03,0.736175,2020-04-03,1.6469038208168645,1.4142,7.0939,6.9253,108.1,1237.6,24.6938,1.69548999660902,10.443,1.4314,18.82675,10.1524,0.97635,32.905,0.8150291372916582,5.2991
2020-04-06,0.736259,2020-04-06,1.6570008285004143,1.4127,7.0939,6.9187,108.95,1229.8,24.6895,1.7015484090522377,10.5528,1.4403,18.8177,10.1242,0.9781,32.905,0.8123476848090984,5.2465
2020-04-07,0.734267,2020-04-07,1.6273393002441008,1.3986,7.0572,6.8604,108.86,1233.4,24.0388,1.6784155756965424,10.1925,1.4317,18.3435,10.0169,0.9731,32.798,0.813636548553761,5.2211
2020-04-08,0.734112,2020-04-08,1.6270745200130166,1.4034,7.0638,6.8660000000000005,108.86,1222.4,24.0925,1.6803898504453034,10.2971,1.4287,18.1944,10.0968,0.97125,32.818000000000005,0.8098477486232589,5.2117
2020-04-09,0.733892,2020-04-09,1.6100466913540492,1.3985,7.058,6.8660000000000005,108.96,1219.7,24.0925,1.665001665001665,10.2971,1.4249,18.04685,10.0379,0.97165,32.788000000000004,0.8040201005025126,5.0773
2020-04-13,0.732016,2020-04-13,1.6100466913540492,1.3936,7.0475,6.8660000000000005,108.26,1212.3,23.7427,1.665001665001665,10.2971,1.4169,18.04685,10.0379,0.97165,32.675,0.8040201005025126,5.1818
2020-04-14,0.73075,2020-04-14,1.5578750584203147,1.3904,7.0502,6.8068,107.65,1218.7,23.5645,1.6318537859007831,10.3182,1.4145,18.232,9.9566,0.9636,32.675,0.7969079969717496,5.1852
2020-04-15,0.731738,2020-04-15,1.5664160401002507,1.4086,7.063,6.8455,107.17,1218.7,24.1155,1.6450074025333117,10.502,1.4144,18.6453,9.9924,0.9659,32.675,0.7997760627024433,5.2573
2020-04-16,0.732683,2020-04-16,1.5908367801463568,1.4122,7.0775,6.8455,107.69,1216.7,24.2098,1.6812373907195697,10.4836,1.4286,18.61985,10.0432,0.96665,32.713,0.8004802881729037,5.2371
2020-04-17,0.733879,2020-04-17,1.572327044025157,1.4037,7.0767,6.8455,107.93,1227.5,23.9012,1.6625103906899417,10.3909,1.4241,18.77615,10.0261,0.97045,32.537,0.8035032742758427,5.2567
2020-04-20,0.733211,2020-04-20,1.575795776867318,1.4086,7.0723,6.8678,107.86,1219.3,24.0077,1.6608536787908983,10.3773,1.4225,18.7702,10.0082,0.9683,32.482,0.8022784708572345,5.2831
2020-04-22,0.7336239999999999,2020-04-22,1.5815277558121146,1.4203,7.0807,6.8638,107.84,1231.3,24.5883,1.6770082173402647,10.7458,1.4297,18.789,10.0839,0.96805,32.464,0.8087343307723414,5.3841
2020-04-23,0.735587,2020-04-23,1.5770383220312254,1.4203,7.0771,6.9232,107.8,1235.2,24.5883,1.6826518593303044,10.6911,1.4268,18.9345,10.125,0.9757,32.339,0.8098149572822609,5.4461
2020-04-24,0.735455,2020-04-24,1.576541068894845,1.409,7.0825,6.9232,107.7,1232.0,24.8583,1.6694490818030048,10.6282,1.4258,15.96535,10.0953,0.9754,32.436,0.8093234056328908,5.6504
2020-04-27,0.733237,2020-04-27,1.5475085112968117,1.4053,7.0812,6.8735,107.58,1235.8,24.8492,1.6694490818030048,10.5522,1.4217,15.96535,10.0013,0.9731,32.474000000000004,0.8033419023136248,5.6352
2020-04-28,0.732122,2020-04-28,1.5487068297971194,1.3978,7.0870000000000015,6.8558,107.28,1230.3,24.3882,1.6666666666666667,10.3689,1.4211,18.6192,9.991,0.97295,32.503,0.8004482510205715,5.5677
2020-04-29,0.7331770000000001,2020-04-29,1.5285845307245491,1.3922,7.0758,6.877999999999999,107.28,1225.2,24.0002,1.6401508938822371,10.3973,1.4153,18.407,9.849,0.97455,32.419000000000004,0.8068420203324189,5.4285
2020-04-30,0.731849,2020-04-30,1.5229972586049343,1.391,7.0543,6.8577,106.58,1225.2,23.9283,1.632386549134835,10.2832,1.4108,18.06105,9.8463,0.97045,32.361999999999995,0.7993605115907275,5.4264
2020-05-04,0.731985,2020-05-04,1.5669069257286117,1.4085,7.0543,6.8198,107.1,1218.5,24.3812,1.658649859014762,10.3528,1.4172,18.7056,9.9052,0.9647,32.361999999999995,0.8060290976504252,5.5811
2020-05-05,0.733738,2020-05-05,1.5482272797646697,1.4032,7.0543,6.8811,107.1,1218.5,23.8343,1.6498927569707968,10.3043,1.4137,18.335,9.8377,0.97095,32.381,0.8032128514056224,5.5348
2020-05-06,0.734438,2020-05-06,1.5506280043417584,1.4124,7.0915,6.9046,107.1,1227.8,24.2942,1.6518004625041294,10.2619,1.4175,18.5406,9.8131,0.9739,32.381,0.8081461128171973,5.667000000000001
2020-05-07,0.734727,2020-05-07,1.5561780267662622,1.4015,7.0899,6.9188,106.26,1223.3,24.0563,1.6630633627141196,10.2388,1.4175,18.557,9.8161,0.9757,32.447,0.8084727948904519,5.8359
2020-05-08,0.7332850000000001,2020-05-08,1.5313935681470137,1.3934,7.0779,6.9188,106.4,1226.5,23.6805,1.6334531198954592,10.2089,1.412,18.4716,9.7886,0.97075,32.28,0.8084727948904519,5.7647
2020-05-11,0.734848,2020-05-11,1.528350909368791,1.4012,7.0829999999999975,6.8916,106.94,1217.7,23.8693,1.6257519102584943,10.2051,1.4119,18.43435,9.7799,0.9723,32.15,0.8119189704867454,5.7948
2020-05-12,0.734328,2020-05-12,1.543924656476764,1.4015,7.0907,6.8684,107.51,1217.8,24.0487,1.6498927569707968,10.1785,1.4185,18.19205,9.8519,0.97055,32.143,0.8097493825660957,5.7717
2020-05-13,0.733827,2020-05-13,1.544878727019929,1.4073,7.0946,6.8557,107.22,1226.7,24.2113,1.6460905349794237,10.0579,1.4173,18.32745,9.786,0.96885,32.082,0.8133718329334255,5.9016
2020-05-14,0.735984,2020-05-14,1.554243083618278,1.409,7.0975,6.91,106.87,1226.3,24.2708,1.6750418760469012,10.2481,1.4213,18.65185,9.8386,0.9743,32.106,0.8200082000820008,5.9366
2020-05-15,0.735622,2020-05-15,1.5491866769945783,1.4094,7.0983,6.9065,107.42,1227.9,23.958,1.6672224074691564,10.2397,1.4240000000000002,18.57265,9.8094,0.97265,32.082,0.8197729229003565,5.8223
2020-05-18,0.7362489999999999,2020-05-18,1.5554518587649708,1.4094,7.1148,6.8822,107.11,1229.3,23.6032,1.6801075268817205,10.124,1.4256,18.378,9.8185,0.97215,32.046,0.8247422680412372,5.7369
2020-05-19,0.732349,2020-05-19,1.5337423312883436,1.3893,7.1091,6.8093,107.4,1231.6,23.6023,1.6559032952475576,9.9683,1.4189,18.184,9.6697,0.97085,31.92,0.8163931749530573,5.721
2020-05-20,0.732477,2020-05-20,1.5264845061822625,1.3892,7.1089,6.8046,107.98,1224.5,23.2962,1.6371971185330714,9.9256,1.4169,18.01365,9.6703,0.96625,31.878,0.8150291372916582,5.6962
2020-05-21,0.732126,2020-05-21,1.525320317266626,1.3935,7.0993,6.8046,107.73,1227.8,22.96,1.6326530612244896,9.9256,1.4159,17.8889,9.6703,0.96625,31.847,0.8177283506419167,5.6013
2020-05-22,0.734286,2020-05-22,1.5288182235132242,1.4015,7.1349,6.8046,107.74,1230.7,22.7928,1.6347882949158083,10.0035,1.4198,17.6144,9.6781,0.97195,31.869,0.8206474908702966,5.5802
2020-05-26,0.732699,2020-05-26,1.5204500532157519,1.3804,7.136,6.7934,107.75,1242.0,22.2932,1.632386549134835,9.9265,1.4217,17.40855,9.6436,0.96795,31.922,0.8124796880077999,5.3701
2020-05-27,0.7315470000000001,2020-05-27,1.5060240963855418,1.378,7.1599,6.7858,107.52,1237.1,22.3633,1.6147263038914903,9.852,1.4184,17.3776,9.6344,0.9691,31.873,0.8106355382619974,5.2986
2020-05-28,0.732299,2020-05-28,1.5124016938898972,1.3764,7.1563,6.7669,107.87,1233.7,22.204,1.6157699143641946,9.8541,1.4203,17.4014,9.6058,0.9691,31.871,0.8171269815329302,5.3399
2020-05-29,0.728853,2020-05-29,1.5017269860339388,1.3787,7.1463,6.6938,107.14,1239.4,22.1778,1.6121231662098985,9.6875,1.4143,17.4899,9.4682,0.96165,31.832,0.8114248620577735,5.4257
2020-06-01,0.729264,2020-06-01,1.5017269860339388,1.3630000000000002,7.1161,6.6938,107.75,1237.6,22.0168,1.6121231662098985,9.6875,1.4084,17.47615,9.3789,0.96165,31.734,0.8076892011953799,5.3633
2020-06-02,0.726821,2020-06-02,1.4699397324709689,1.3515,7.1178,6.6709,107.56,1227.8,21.6827,1.5923566878980893,9.5577,1.4061,17.2666,9.3714,0.96185,31.577,0.7961783439490446,5.2595
2020-06-03,0.7265699999999999,2020-06-03,1.4409221902017288,1.3504,7.1078,6.6595,108.65,1224.1,21.6043,1.559089491736826,9.5388,1.3965,17.05515,9.2683,0.96335,31.577,0.7945020458427681,5.051
2020-06-04,0.7269909999999999,2020-06-04,1.4480162177816391,1.3508,7.1202,6.6273,109.0,1216.9,21.8388,1.5581177937052042,9.4265,1.4018,16.91935,9.3339,0.9601,31.624,0.7978299026647518,5.1035
2020-06-05,0.7237779999999999,2020-06-05,1.4285714285714286,1.3429,7.0904,6.6273,109.13,1217.4,21.5837,1.5455950540958268,9.303,1.3951,16.84215,9.1512,0.95775,31.501,0.7914209963990345,4.9769
2020-06-08,0.724809,2020-06-08,1.4285714285714286,1.3383,7.0761,6.6066,109.46,1213.1,21.6552,1.5337423312883436,9.2692,1.3937,16.81095,9.1961,0.9631,31.474,0.7912957467853611,4.9325
2020-06-10,0.721079,2020-06-10,1.4291839359725598,1.339,7.0704,6.5541,107.5,1197.7,21.923,1.5353907569476433,9.2644,1.3876,16.5568,9.1803,0.94605,31.199,0.7830546963705415,4.8888
2020-06-12,0.7233,2020-06-12,1.45623998835008,1.3596,7.0773,6.5951,106.85,1192.8,22.3347,1.5600624024961,9.5962,1.3921,17.0015,9.2945,0.94685,31.026,0.7924872211435591,5.0367
2020-06-15,0.724979,2020-06-15,1.4727540500736376,1.3604,7.095,6.6257,107.22,1206.6,22.5435,1.5564202334630348,9.6769,1.3938,17.1739,9.3935,0.95115,30.995,0.7992646764976222,5.1877
2020-06-16,0.7227140000000001,2020-06-16,1.4396775122372591,1.3558,7.0829999999999975,6.5937,107.31,1210.8,22.2168,1.5424957581366652,9.4967,1.3893,17.1739,9.2783,0.94705,31.084,0.7905450808332345,5.1279
2020-06-17,0.724712,2020-06-17,1.4530659691950014,1.3555,7.089,6.6382,107.34,1206.6,22.2783,1.552072016141549,9.5308,1.3949,17.12495,9.3343,0.9498,31.16800000000001,0.7956082425013924,5.2492
2020-06-18,0.724431,2020-06-18,1.4556040756914117,1.3589,7.0776,6.6437,106.8,1214.5,22.6088,1.5542430836182781,9.5422,1.3922,17.36955,9.3371,0.9486,31.125,0.7988815658078691,5.3462
2020-06-19,0.726004,2020-06-19,1.4575134819997084,1.3587,7.0783,6.6507,106.92,1213.0,22.6088,1.5593326056447843,9.5571,1.3936,17.3458,9.3371,0.9507,31.011,0.8076239702794379,5.346
2020-06-22,0.725744,2020-06-22,1.457725947521866,1.3587,7.0765,6.6479,106.87,1212.0,22.4413,1.5586034912718203,9.6303,1.3956,17.41505,9.4225,0.94995,30.988000000000003,0.8074935400516796,5.222
2020-06-23,0.7238479999999999,2020-06-23,1.449905756125852,1.3516,7.0658,6.5857,107.15,1213.2,22.413,1.546072974644403,9.6303,1.3938,17.23235,9.3268,0.94995,30.981,0.8031483414986748,5.1699
2020-06-24,0.722928,2020-06-24,1.440299582313121,1.3591,7.0733,6.6073,106.55,1210.1,22.6662,1.5439246564767641,9.5707,1.3876,17.29135,9.2957,0.9445,30.872,0.7986582541330565,5.2429
2020-06-25,0.7259770000000001,2020-06-25,1.4545454545454546,1.3645,7.0733,6.6548,107.1,1202.9,22.7963,1.5588464536243183,9.7096,1.3924,17.44545,9.3573,0.94965,30.904,0.8036647110825363,5.3281
2020-06-26,0.725508,2020-06-26,1.4518002322880372,1.3676,7.0733,6.6461,107.11,1205.2,22.9715,1.554726368159204,9.7075,1.391,17.2557,9.3573,0.94745,30.9,0.805607024893257,5.4623
2020-06-29,0.724757,2020-06-29,1.453699665649077,1.3676,7.0779999999999985,6.605,107.22,1198.6,23.1325,1.554968123153475,9.6608,1.394,17.2184,9.3104,0.9443,30.905,0.8117871494094249,5.441
2020-06-30,0.726905,2020-06-30,1.4570887367040652,1.3628,7.0681,6.6553,107.72,1200.7,23.0893,1.5561780267662622,9.7446,1.3932,17.33555,9.349,0.9505,30.885,0.8149627154557679,5.4754
2020-07-01,0.726178,2020-07-01,1.45032632342277,1.3628,7.063,6.6543,107.69,1198.5,22.8078,1.5475085112968117,9.6193,1.3939,17.2704,9.3164,0.94735,30.954,0.8060940711781065,5.3646
2020-07-02,0.724214,2020-07-02,1.4442518775274409,1.3586,7.0631,6.6016,107.48,1201.6,22.5225,1.5424957581366652,9.4695,1.3936,16.89825,9.2693,0.9436,31.067,0.799584216207572,5.3022
2020-07-07,0.723947,2020-07-07,1.4371945961483186,1.3583,7.0211,6.6007,107.32,1196.8,22.6213,1.5241579027587258,9.4267,1.3925,17.09335,9.2913,0.9441,31.131,0.8003201280512204,5.3312
2020-07-08,0.723485,2020-07-08,1.4407145944388415,1.3538,7.0176,6.6005,107.67,1192.9,22.8225,1.5276504735716472,9.4706,1.3952,16.98905,9.2289,0.94145,31.272,0.7978935609989627,5.3476
2020-07-09,0.721749,2020-07-09,1.43143429716576,1.3555,6.9904,6.5688,107.28,1195.8,22.6945,1.5213753232922562,9.361,1.3905,16.8375,9.175,0.93915,31.169,0.7912331368437711,5.2972
2020-07-10,0.722303,2020-07-10,1.4427932477276004,1.3555,7.0081,6.5688,106.95,1194.5,22.5342,1.523229246001523,9.361,1.3905,16.90405,9.2414,0.9415,31.307,0.7928013636183454,5.3434
2020-07-13,0.7217520000000001,2020-07-13,1.4330753797649758,1.3567,7.0006,6.5715,106.83,1202.4,22.4633,1.5211439002129599,9.4139,1.3883,16.90405,9.182,0.94185,31.308000000000003,0.793304509936139,5.348
2020-07-14,0.721696,2020-07-14,1.4405070584845865,1.3616,7.0169,6.5448,107.24,1200.3,22.6173,1.530690341343946,9.4163,1.3934,16.7843,9.1894,0.93965,31.514,0.7986263626562312,5.4282
2020-07-15,0.719226,2020-07-15,1.4285714285714286,1.3534,6.9941,6.5069,107.28,1206.4,22.3647,1.5239256324291377,9.2865,1.3912,16.7843,9.0802,0.94055,31.517,0.7919851106799192,5.3485
2020-07-16,0.7207859999999999,2020-07-16,1.4300014300014299,1.3543,6.9979999999999976,6.5229,106.95,1200.7,22.3032,1.5241579027587258,9.2998,1.3919,16.65185,9.094,0.9459,31.66800000000001,0.7979572294924991,5.3554
2020-07-17,0.720007,2020-07-17,1.4322543683758235,1.3574,6.9996,6.515,107.26,1204.1,22.4897,1.528350909368791,9.275,1.3913,16.66815,9.0757,0.9411,31.702,0.7965271416623522,5.3504
2020-07-20,0.7192109999999999,2020-07-20,1.4312294260770002,1.3543,6.9895,6.5059,107.5,1205.7,22.6278,1.5288182235132242,9.2645,1.3911,16.6721,9.0233,0.93865,31.801,0.7933989209774674,5.3629
2020-07-21,0.719151,2020-07-21,1.4204545454545454,1.3446,6.9933,6.5061,107.22,1203.7,22.3597,1.520450053215752,9.1701,1.3903,16.50585,8.9579,0.9375,31.725,0.7873395795606645,5.2277
2020-07-22,0.716448,2020-07-22,1.3982102908277405,1.342,7.0032,6.4296,106.86,1198.1,22.251,1.5048908954100828,9.0985,1.3833,16.38695,8.8862,0.93245,31.583,0.7877427232265942,5.1105
2020-07-23,0.716286,2020-07-23,1.3984058173682004,1.3392,6.9961,6.4335,106.86,1193.7,22.3627,1.5001500150015,9.1687,1.384,16.62595,8.8606,0.92715,31.643,0.7865963973884998,5.1641
2020-07-24,0.71601,2020-07-24,1.4112334180073385,1.3421,7.0208,6.4126,106.86,1198.5,22.3842,1.5053439710973957,9.2137,1.3854,16.77855,8.8738,0.92495,31.738000000000003,0.7853608733212911,5.2139999999999995
2020-07-27,0.711813,2020-07-27,1.4027212792818073,1.3378,7.0017,6.3296,105.82,1201.3,22.0275,1.4999250037498126,9.0717,1.3791,16.4472,8.8059,0.92005,31.738000000000003,0.7768197001475957,5.1883
2020-07-28,0.7114739999999999,2020-07-28,1.400364094664613,1.3373,7.0076,6.3522,105.33,1196.6,21.9615,1.4938751120406335,9.1269,1.3794,16.59075,8.7717,0.91855,31.738000000000003,0.7763071070915655,5.1771
2020-07-29,0.710838,2020-07-29,1.3956734124214931,1.336,6.997000000000001,6.3477,104.94,1195.1,21.9907,1.5021781583295781,9.0894,1.378,16.4658,8.7424,0.91735,31.494,0.7713073659853452,5.1389
2020-07-30,0.7107020000000001,2020-07-30,1.3968431345159942,1.3432,7.0014,6.3379,105.08,1195.2,22.1727,1.5028554253080857,9.1299,1.3752,16.79425,8.7727,0.91445,31.415,0.7684032580298141,5.1831
2020-07-31,0.70768,2020-07-31,1.3863856924996534,1.3404,6.9855,6.2831,104.55,1191.4,22.2012,1.4923145799134456,9.0583,1.3752,16.9745,8.6536,0.90835,31.22,0.7611508601004718,5.2027
2020-08-03,0.711404,2020-08-03,1.3863856924996534,1.3404,6.9758,6.3505,106.2,1189.1,22.614,1.5076134479119554,9.1411,1.376,17.26765,8.7839,0.91815,31.227,0.7684032580298141,5.3069
2020-08-04,0.71054,2020-08-04,1.4021312394840155,1.3372,6.9866,6.3291,106.12,1193.7,22.7845,1.5121729925903524,9.1431,1.376,17.45745,8.7193,0.9156,31.123,0.7672830507174098,5.3323
2020-08-05,0.70822,2020-08-05,1.3925637097897228,1.3262,6.9514,6.2855,105.6,1193.5,22.4068,1.5069318866787222,8.9915,1.3713,17.1875,8.7057,0.91025,31.00800000000001,0.7619918466872405,5.2754
2020-08-06,0.707795,2020-08-06,1.3875398917718884,1.3292,6.9466,6.2906,105.53,1190.3,22.3652,1.505797319680771,8.9959,1.3696,17.5526,8.6804,0.90855,31.06900000000001,0.7592149717192422,5.3425
2020-08-07,0.708754,2020-08-07,1.3875398917718884,1.3377,6.9605,6.303,105.58,1184.3,22.4892,1.4963339817447254,9.0068,1.3724,17.53135,8.7051,0.9139,31.174,0.7646721468170522,5.4221
2020-08-10,0.710841,2020-08-10,1.3956734124214931,1.3354,6.9666,6.3316,105.58,1185.9,22.485,1.5149219815179518,9.036,1.3724,17.53135,8.7498,0.9183,31.169,0.7677543186180422,5.3927
2020-08-11,0.7094010000000001,2020-08-11,1.3933398355858997,1.3291,6.9528,6.32,106.16,1186.7,22.349,1.5128593040847202,8.967,1.3726,17.48775,8.7457,0.9119,31.109,0.7640003056001222,5.4279
2020-08-12,0.7102649999999999,2020-08-12,1.4048890137679124,1.3254,6.9474,6.3267,106.6,1184.9,22.3457,1.5295197308045272,8.9596,1.3751,17.4339,8.7564,0.9131,31.109,0.7666653888910185,5.4545
2020-08-13,0.708669,2020-08-13,1.394311210262131,1.3217,6.9439,6.2938,106.66,1186.0,22.2628,1.520681265206813,8.886000000000003,1.3714,17.4648,8.6788,0.9102,31.047,0.7633296439067212,5.3795
2020-08-14,0.709383,2020-08-14,1.3972334777141262,1.325,6.9479,6.3041,106.96,1183.6,22.0313,1.5297537096527458,8.9226,1.3733,17.44775,8.7102,0.91035,31.066,0.7630966461902401,5.3846
2020-08-17,0.70832,2020-08-17,1.3921759710427395,1.3207,6.941,6.2828,106.53,1183.6,22.057,1.5297537096527458,8.8686,1.3697,17.4497,8.6841,0.90775,31.157,0.7641462575937034,5.4491
2020-08-18,0.706408,2020-08-18,1.3840830449826989,1.317,6.9269,6.2545,105.75,1185.8,22.1535,1.5271838729383016,8.8199,1.3676,17.39595,8.6685,0.90535,31.172,0.7598784194528876,5.4653
2020-08-19,0.705097,2020-08-19,1.3795006207752794,1.3171,6.9176,6.2393,105.2,1185.1,22.0527,1.5144631228229593,8.8373,1.3654,17.19335,8.6502,0.90295,31.193,0.7564868749527195,5.49
2020-08-20,0.707916,2020-08-20,1.394311210262131,1.3195,6.9181,6.2828,106.09,1182.3,22.176,1.5248551387618174,8.9509,1.3694,17.20635,8.7018,0.9112,31.387,0.7617016414670373,5.6504
2020-08-21,0.708415,2020-08-21,1.3881177123820099,1.3195,6.9111,6.3252,105.67,1186.3,22.0362,1.5297537096527458,8.9993,1.3667,17.23295,8.7318,0.9114,31.46,0.7603406326034063,5.6058
2020-08-24,0.7078840000000001,2020-08-24,1.3931457230426303,1.3207,6.9145,6.283,105.79,1185.3,21.984,1.5285845307245491,8.9633,1.3723,16.9582,8.7737,0.90955,31.574,0.7623694442326749,5.5948
2020-08-25,0.708372,2020-08-25,1.3939224979091165,1.3194,6.9106,6.2996,106.0,1190.0,21.9723,1.5297537096527458,8.946,1.3692,16.7751,8.7698,0.90945,31.478,0.7616726331022926,5.5991
2020-08-26,0.708128,2020-08-26,1.390240511608508,1.3155,6.8968,6.3143,106.45,1186.3,21.9202,1.5243902439024393,8.9578,1.3685,16.771,8.7709,0.90885,31.359,0.7602828252109786,5.5674
2020-08-27,0.708054,2020-08-27,1.381788033715628,1.3129,6.8757,6.3043,105.92,1187.0,22.1168,1.5078407720144753,8.9089,1.3656,16.9222,8.7237,0.90965,31.259,0.7582363422678848,5.595
2020-08-28,0.705025,2020-08-28,1.3700506918755997,1.3097,6.8673,6.2475,106.65,1185.7,21.8602,1.503985561738607,8.7872,1.3641,16.68715,8.6591,0.90335,31.226,0.7516818882249032,5.4673
2020-08-31,0.704765,2020-08-31,1.3598041881968996,1.3042,6.8561,6.2344,105.37,1185.1,21.888,1.4838996883810651,8.7563,1.3579,16.7076,8.6419,0.90475,31.07800000000001,0.7516818882249032,5.4707
2020-09-01,0.7024739999999999,2020-09-01,1.3491635186184563,1.3055,6.8185,6.2096,105.87,1183.3,21.7445,1.479727730097662,8.7076,1.357,16.66,8.6191,0.90415,30.989,0.7424731781564391,5.3726
2020-09-02,0.7055939999999999,2020-09-02,1.358695652173913,1.3067,6.8259,6.2737,106.01,1184.6,21.8393,1.4773230905599055,8.7733,1.3615,16.77715,8.707,0.91045,31.233,0.7482789583956899,5.3735
2020-09-03,0.70732,2020-09-03,1.368738023542294,1.3123,6.8323,6.2982,106.23,1186.2,21.6383,1.4771048744460855,8.9152,1.3625,16.7669,8.7337,0.91165,31.341,0.7546030787805614,5.3073
2020-09-08,0.708354,2020-09-08,1.3719303059404582,1.3191,6.8311,6.3137,106.3,1187.2,21.7138,1.4947683109118086,9.055,1.3679,16.7211,8.7743,0.91735,31.406,0.7655502392344498,5.3692
2020-09-09,0.709737,2020-09-09,1.3840830449826989,1.3173,6.8472,6.3198,105.95,1187.9,21.5377,1.5103458692040477,9.1013,1.3714,16.7651,8.8236,0.91885,31.392,0.7734550235903782,5.3018
2020-09-10,0.7076020000000001,2020-09-10,1.3736263736263736,1.3162,6.8415,6.2793,106.2,1189.6,21.2773,1.4974543276430068,9.0193,1.3676,16.75585,8.7506,0.9089,31.295,0.7679901697258275,5.292999999999999
2020-09-11,0.7080850000000001,2020-09-11,1.373437714599643,1.3162,6.8364,6.2765,106.15,1185.3,21.321,1.5024038461538465,9.0289,1.3677,16.75585,8.7547,0.90955,31.305,0.7794839816041781,5.2848
2020-09-14,0.7072649999999999,2020-09-14,1.3723068478111706,1.3175,6.8297,6.2646,106.15,1188.3,21.0728,1.4952153110047848,9.0041,1.3662,16.6539,8.7599,0.90665,31.284,0.7764577995185962,5.2978
2020-09-15,0.7058949999999999,2020-09-15,1.3646288209606987,1.3176,6.7821,6.256,105.68,1184.2,21.0692,1.4929829799940282,8.9945,1.3613,16.44975,8.7596,0.9055,31.228,0.7744433688286544,5.2722
2020-09-16,0.705796,2020-09-16,1.3678019422787582,1.3168,6.763,6.2681,105.28,1180.5,21.0692,1.4874312063067083,8.9821,1.36,16.28265,8.7792,0.906,31.172,0.7712478790683326,5.2526
2020-09-17,0.707209,2020-09-17,1.3740038472107725,1.32,6.7677,6.3063,105.05,1177.8,20.985,1.4947683109118086,9.0903,1.3628,16.34075,8.8276,0.91105,31.195,0.7716347081291717,5.2587
2020-09-18,0.7058979999999999,2020-09-18,1.3661202185792352,1.3186,6.7596,6.2878,104.82,1175.4,20.9697,1.4764506127270045,9.088,1.3563,16.14705,8.7782,0.90965,31.137,0.7703270038131187,5.2883
2020-09-21,0.707571,2020-09-21,1.367053998632946,1.3293,6.7695,6.3127,104.82,1163.6,21.505,1.4773230905599055,9.2339,1.3549,16.67405,8.7679,0.91365,31.07800000000001,0.7775445144234507,5.4434
2020-09-22,0.708282,2020-09-22,1.3863856924996534,1.331,6.7958,6.3388,104.82,1160.6,21.5682,1.49902563333833,9.3295,1.3623,16.63265,8.884,0.91445,31.384,0.7777864198491093,5.4323
2020-09-23,0.7103520000000001,2020-09-23,1.4015416958654523,1.3358,6.7913,6.3658,105.13,1163.9,22.0897,1.5130882130428205,9.4028,1.3665,17.04325,8.9326,0.92045,31.491,0.7858854964831623,5.5305
2020-09-24,0.7121890000000001,2020-09-24,1.4200511218403862,1.3374,6.8213,6.3912,105.43,1164.4,22.3678,1.5288182235132242,9.534,1.3747,17.04325,9.0404,0.9252,31.609,0.7840677434530343,5.5708
2020-09-25,0.712527,2020-09-25,1.41622999575131,1.3396,6.815,6.4006,105.53,1170.3,22.4402,1.5262515262515262,9.5793,1.3757,17.0658,9.0921,0.9277,31.524,0.7873395795606645,5.5661
2020-09-28,0.710937,2020-09-28,1.4186409419775856,1.3378,6.8239,6.3804,105.39,1170.5,22.4573,1.528117359413203,9.4756,1.3757,17.02465,9.1129,0.92605,31.702,0.7750736319950395,5.5852
2020-09-29,0.710593,2020-09-29,1.4116318464144553,1.3391,6.8203,6.3631,105.47,1173.5,22.3598,1.5234613040828764,9.4465,1.3713,17.01535,9.04,0.92245,31.7,0.777332970577947,5.6521
2020-09-30,0.710442,2020-09-30,1.4068655036578503,1.3339,6.8086,6.3599,105.79,1173.5,22.1438,1.5144631228229593,9.4814,1.3692,16.84425,8.9883,0.922,31.664,0.7792713812585232,5.6401
2020-10-01,0.708956,2020-10-01,1.391207568169171,1.3292,6.8086,6.3326,105.54,1173.5,21.9562,1.5108022359873092,9.2812,1.3634,16.6079,8.9396,0.91815,31.588,0.7790285513964087,5.6435
2020-10-02,0.709179,2020-10-02,1.4007564084605688,1.331,6.8086,6.3439,105.56,1173.5,21.7025,1.5062509414068384,9.2958,1.3658,16.5695,8.9228,0.921,31.615,0.7745333436604447,5.6458
2020-10-05,0.7082579999999999,2020-10-05,1.4007564084605688,1.3269,6.8086,6.3222,105.58,1169.5,21.396,1.504664459825459,9.2501,1.3625,16.4045,8.9123,0.91645,31.50800000000001,0.7723498744931454,5.6293
2020-10-06,0.707742,2020-10-06,1.3906271728549575,1.3272,6.8086,6.3084,105.65,1163.4,21.4507,1.5028554253080857,9.2075,1.3592,16.50215,8.897,0.91505,31.247,0.7731261355290115,5.5199
2020-10-07,0.708624,2020-10-07,1.403705783267827,1.3275,6.8086,6.3229,105.65,1160.0,21.493,1.5192950470981463,9.2874,1.3619,16.64015,8.9416,0.9175,31.312,0.7772725506198748,5.6012
2020-10-08,0.708462,2020-10-08,1.3995801259622114,1.3219999999999998,6.8086,6.3258,106.0,1162.5,21.4318,1.5264845061822625,9.268,1.3592,16.59655,8.8673,0.9181,31.207,0.7751637533428938,5.6194
2020-10-09,0.706916,2020-10-09,1.3929516645772393,1.3136,6.7153,6.3096,105.96,1162.5,21.1822,1.516070345664039,9.2092,1.3565,16.48815,8.8505,0.91245,31.12,0.7730663677476711,5.5387
2020-10-13,0.7068770000000001,2020-10-13,1.3917884481558802,1.3133,6.7505,6.3148,105.37,1148.3,21.3677,1.5071590052750563,9.1561,1.3593,16.47035,8.8187,0.91085,31.12,0.7658433850277618,5.5854
2020-10-14,0.708368,2020-10-14,1.3947001394700138,1.3139,6.7393,6.3352,105.43,1149.5,21.2998,1.5012760846719708,9.21,1.359,16.5314,8.834,0.9148,31.187,0.7721709586502451,5.5669
2020-10-15,0.708458,2020-10-15,1.4013452914798206,1.3230000000000002,6.7271,6.3625,105.24,1145.7,21.3832,1.5028554253080857,9.3758,1.3577,16.6831,9.0395,0.91375,31.172,0.7718729497124773,5.6166
2020-10-16,0.7085319999999999,2020-10-16,1.4140271493212668,1.3192,6.7013,6.3385,105.25,1144.6,21.1765,1.516070345664039,9.3323,1.3612,16.51355,8.8603,0.9144,31.201,0.7758553805570642,5.622000000000001
2020-10-19,0.7068939999999999,2020-10-19,1.4112334180073385,1.3165,6.7015,6.314,105.39,1145.6,21.1342,1.508978421608571,9.2889,1.3577,16.4426,8.834,0.9111,31.216,0.7694971336231773,5.6017
2020-10-20,0.706281,2020-10-20,1.4198494959534291,1.3138,6.6838,6.3019,105.57,1142.2,21.0902,1.5167602002123464,9.2886,1.3572,16.53995,8.8387,0.90755,31.246,0.7719027402547278,5.5824
2020-10-21,0.7041270000000001,2020-10-21,1.4122299110295158,1.3122,6.6523,6.2801,105.23,1139.7,21.064,1.5165301789505612,9.2233,1.3556,16.42695,8.7246,0.90365,31.229,0.7651694850409366,5.6
2020-10-22,0.704887,2020-10-22,1.4098406880022556,1.3142,6.666,6.2946,104.67,1133.7,21.03,1.5048908954100828,9.2484,1.3564,16.33025,8.7362,0.90755,31.271,0.7632713811395642,5.5814
2020-10-23,0.704421,2020-10-23,1.4058765640376774,1.314,6.6719,6.2759,104.72,1134.1,20.9205,1.4988009592326141,9.2087,1.3589,16.19035,8.7649,0.9045,31.271,0.7648183556405354,5.6114
2020-10-26,0.705604,2020-10-26,1.4052838673412027,1.3201,6.6968,6.296,104.88,1134.6,20.9818,1.4988009592326141,9.2618,1.3594,16.2535,8.7766,0.9068,31.315,0.7659900421294522,5.6322
2020-10-27,0.705391,2020-10-27,1.4017381553125876,1.3164,6.7107,6.2885,104.79,1129.1,20.8798,1.4963339817447254,9.1614,1.3596,16.1208,8.7537,0.908,31.25800000000001,0.7662248103593595,5.6484
2020-10-28,0.707621,2020-10-28,1.3995801259622114,1.3302,6.7125,6.3473,104.22,1127.6,21.1648,1.4929829799940282,9.3539,1.3595,16.44015,8.7737,0.91155,31.17,0.7720219254226821,5.7319
2020-10-29,0.70822,2020-10-29,1.4160294534126308,1.3349,6.7058,6.3621,104.39,1129.3,21.377,1.503985561738607,9.5262,1.3632,16.4395,8.8609,0.91255,31.241,0.7726781023025807,5.7797
2020-10-30,0.708396,2020-10-30,1.4196479273140257,1.3318,6.6983,6.3657,104.58,1133.4,21.2508,1.509433962264151,9.4837,1.3637,16.2591,8.9132,0.91645,31.188,0.7701786814540974,5.7712
2020-11-03,0.707792,2020-11-03,1.4224751066856332,1.3145,6.6925,6.3632,104.74,1134.7,21.1555,1.5080681646810434,9.4089,1.364,16.05095,8.8797,0.9147,31.079,0.7699118450937368,5.6889
2020-11-04,0.707512,2020-11-04,1.4074595355383532,1.3138,6.7158,6.3532,104.9,1134.6,21.0345,1.4961101137043686,9.3493,1.367,16.00195,8.8714,0.9122,31.126,0.7679311933650744,5.6926
2020-11-05,0.7044050000000001,2020-11-05,1.3954786491766675,1.3051,6.6404,6.2815,104.28,1136.5,20.7612,1.4932059130954158,9.1523,1.3579,15.79945,8.7551,0.90725,31.029,0.7649646203863071,5.5618
2020-11-06,0.702092,2020-11-06,1.3770311209033326,1.3039,6.6227,6.2757,103.69,1130.9,20.62,1.4779781259237363,9.1999,1.3503,15.74715,8.7015,0.9002,30.675,0.7615856212634705,5.5307
2020-11-09,0.701804,2020-11-09,1.3713658804168951,1.297,6.569,6.2674,103.33,1124.4,20.36,1.471670345842531,9.013,1.344,15.3373,8.6251,0.90075,30.491,0.7593591009188245,5.2815
2020-11-10,0.704216,2020-11-10,1.3732491073880804,1.3017,6.6132,6.3046,105.1,1115.6,20.4018,1.465201465201465,9.0293,1.3462,15.4982,8.6202,0.9157,30.47,0.7539203860072377,5.369
2020-11-11,0.705164,2020-11-11,1.3681762210972774,1.3017,6.6077,6.3260000000000005,105.14,1115.9,20.5772,1.4643432420559384,9.0747,1.3461,15.668,8.6345,0.9183,30.254,0.7536646945773825,5.4014
2020-11-12,0.704678,2020-11-12,1.375515818431912,1.3123,6.6312,6.3149,105.28,1112.4,20.5303,1.449905756125852,9.1305,1.349,15.6419,8.6347,0.91465,30.271,0.7599650416080861,5.4088
2020-11-13,0.704317,2020-11-13,1.3831258644536653,1.3147,6.6165,6.3028,104.92,1113.2,20.4833,1.4632718759145449,9.1513,1.3501,15.6343,8.6457,0.9152,30.248,0.7594167679222358,5.4848
2020-11-16,0.7034630000000001,2020-11-16,1.3717421124828528,1.3085,6.5776,6.2959,104.68,1115.1,20.4833,1.4545454545454546,9.071,1.3457,15.37155,8.644,0.9139,30.166,0.7573175811276459,5.4192
2020-11-17,0.701579,2020-11-17,1.3657470636438132,1.3094,6.5648,6.2683,104.48,1108.0,20.3212,1.446968600781363,9.0627,1.3446,15.3989,8.6133,0.91015,30.178,0.7535511096040088,5.3962
2020-11-18,0.701451,2020-11-18,1.3708019191226868,1.3063,6.5429999999999975,6.2787,104.07,1106.8,20.2388,1.452643811737362,9.0255,1.3427,15.38895,8.5876,0.91055,30.25,0.7530971118725759,5.2926
2020-11-19,0.702596,2020-11-19,1.3708019191226868,1.3063,6.577000000000001,6.2963,103.84,1105.9,20.1858,1.4484356894553885,9.0348,1.3436,15.495,8.638,0.9121,30.368,0.7543753771876887,5.3324
2020-11-20,0.701496,2020-11-20,1.3708019191226868,1.3063,6.5733,6.2791,103.87,1112.2,20.1172,1.4465499783017504,8.987,1.3435,15.3632,8.6034,0.9114,30.326,0.7531254707034192,5.3499
2020-11-23,0.700448,2020-11-23,1.3674278681799537,1.3082,6.5715,6.2576,103.87,1114.2,20.1012,1.4378145219266714,8.9827,1.3422,15.28365,8.5981,0.90785,30.283,0.7479151864178601,5.3822
2020-11-24,0.701986,2020-11-24,1.3666803334700013,1.3033,6.5785,6.2726,104.56,1112.6,20.0577,1.4405070584845865,8.9986,1.3438,15.38995,8.5899,0.91295,30.392,0.7497656982193065,5.4031
2020-11-25,0.70162,2020-11-25,1.3594344752582923,1.3003,6.5782,6.259,104.5,1111.2,20.0465,1.4336917562724014,8.872,1.3418,15.24145,8.5247,0.91265,30.358,0.7502719735904265,5.3502
